batch_id,product_name,manufacturing_date,machine,operator,compression_force,hardness,weight,thickness,yield_percent,status
PARA-24-0001,Paracetamol 500mg,2024-01-01,Press-C,OP-004,21.19,88.6,500.8,4.16,96.6,released
PARA-24-0002,Paracetamol 500mg,2024-01-01,Press-A,OP-019,17.16,83.9,500.3,4.02,99.7,released
PARA-24-0003,Paracetamol 500mg,2024-01-01,Press-A,OP-018,20.69,91.9,498.0,3.98,95.7,released
PARA-24-0004,Paracetamol 500mg,2024-01-01,Press-A,OP-006,18.55,83.5,497.4,4.14,100.0,released
PARA-24-0005,Paracetamol 500mg,2024-01-01,Press-B,OP-004,20.56,89.2,502.3,3.89,98.9,released
PARA-24-0006,Paracetamol 500mg,2024-01-01,Press-C,OP-004,17.73,92.8,499.5,3.82,97.1,released
PARA-24-0007,Paracetamol 500mg,2024-01-01,Press-C,OP-012,17.93,84.4,502.1,4.02,97.9,released
PARA-24-0008,Paracetamol 500mg,2024-01-01,Press-A,OP-004,20.59,81.0,502.3,4.03,97.2,released
PARA-24-0009,Paracetamol 500mg,2024-01-01,Press-B,OP-007,18.88,81.2,499.5,3.96,96.8,released
PARA-24-0010,Paracetamol 500mg,2024-01-01,Press-A,OP-006,18.61,81.1,500.6,4.14,97.0,released
PARA-24-0011,Paracetamol 500mg,2024-01-02,Press-A,OP-011,21.43,77.8,500.1,4.03,97.5,released
PARA-24-0012,Paracetamol 500mg,2024-01-02,Press-A,OP-019,21.09,88.1,498.2,3.94,96.8,released
PARA-24-0013,Paracetamol 500mg,2024-01-02,Press-C,OP-015,20.51,90.1,499.9,3.88,98.0,released
PARA-24-0014,Paracetamol 500mg,2024-01-02,Press-C,OP-013,18.41,76.9,507.9,4.08,99.3,released
PARA-24-0015,Paracetamol 500mg,2024-01-02,Press-A,OP-004,20.51,87.4,498.3,3.88,96.5,released
PARA-24-0016,Paracetamol 500mg,2024-01-02,Press-B,OP-017,21.34,87.9,503.8,4.14,97.2,released
PARA-24-0017,Paracetamol 500mg,2024-01-02,Press-A,OP-018,20.01,76.4,498.7,4.07,98.1,released
PARA-24-0018,Paracetamol 500mg,2024-01-02,Press-C,OP-009,20.1,96.3,499.1,3.95,98.0,released
PARA-24-0019,Paracetamol 500mg,2024-01-02,Press-C,OP-010,20.97,83.0,500.9,4.09,100.0,released
PARA-24-0020,Paracetamol 500mg,2024-01-02,Press-C,OP-001,23.16,83.3,498.0,4.07,98.9,released
PARA-24-0021,Paracetamol 500mg,2024-01-03,Press-B,OP-008,22.88,91.7,501.2,3.99,97.4,released
PARA-24-0022,Paracetamol 500mg,2024-01-03,Press-C,OP-005,20.05,91.9,502.5,3.93,97.6,released
PARA-24-0023,Paracetamol 500mg,2024-01-03,Press-C,OP-014,23.36,85.4,500.2,3.85,97.7,released
PARA-24-0024,Paracetamol 500mg,2024-01-03,Press-C,OP-012,18.53,82.4,501.4,4.05,98.7,released
PARA-24-0025,Paracetamol 500mg,2024-01-03,Press-B,OP-001,19.08,86.1,500.2,4.04,97.3,released
PARA-24-0026,Paracetamol 500mg,2024-01-03,Press-A,OP-011,19.21,88.3,501.0,3.97,97.1,released
PARA-24-0027,Paracetamol 500mg,2024-01-03,Press-A,OP-019,19.01,83.3,497.0,4.02,99.8,released
PARA-24-0028,Paracetamol 500mg,2024-01-03,Press-B,OP-014,21.23,79.5,503.2,4.14,98.7,released
PARA-24-0029,Paracetamol 500mg,2024-01-03,Press-C,OP-004,22.25,91.0,500.5,3.95,98.7,released
PARA-24-0030,Paracetamol 500mg,2024-01-03,Press-A,OP-014,21.74,87.3,503.1,4.03,97.6,released
PARA-24-0031,Paracetamol 500mg,2024-01-04,Press-C,OP-004,25.42,93.9,504.1,3.77,100.0,released
PARA-24-0032,Paracetamol 500mg,2024-01-04,Press-A,OP-014,18.7,81.5,500.2,3.97,98.3,released
PARA-24-0033,Paracetamol 500mg,2024-01-04,Press-B,OP-001,21.17,87.6,500.7,3.89,94.7,released
PARA-24-0034,Paracetamol 500mg,2024-01-04,Press-C,OP-016,21.75,90.4,502.1,4.13,97.6,released
PARA-24-0035,Paracetamol 500mg,2024-01-04,Press-C,OP-002,19.99,86.3,496.9,3.94,98.5,released
PARA-24-0036,Paracetamol 500mg,2024-01-04,Press-C,OP-003,19.3,89.1,499.1,4.18,99.2,released
PARA-24-0037,Paracetamol 500mg,2024-01-04,Press-B,OP-004,21.82,85.7,499.2,3.99,99.9,released
PARA-24-0038,Paracetamol 500mg,2024-01-04,Press-C,OP-017,21.08,86.4,502.1,3.96,96.9,released
PARA-24-0039,Paracetamol 500mg,2024-01-04,Press-B,OP-013,21.47,93.3,493.3,4.06,98.2,released
PARA-24-0040,Paracetamol 500mg,2024-01-04,Press-C,OP-019,19.92,89.9,500.0,4.02,99.1,released
PARA-24-0041,Paracetamol 500mg,2024-01-05,Press-B,OP-003,21.05,84.7,503.1,4.16,97.4,released
PARA-24-0042,Paracetamol 500mg,2024-01-05,Press-C,OP-017,18.02,97.2,500.3,3.95,100.0,released
PARA-24-0043,Paracetamol 500mg,2024-01-05,Press-A,OP-009,20.53,86.6,497.7,3.97,96.1,released
PARA-24-0044,Paracetamol 500mg,2024-01-05,Press-A,OP-009,18.54,81.2,499.9,4.03,97.7,released
PARA-24-0045,Paracetamol 500mg,2024-01-05,Press-C,OP-014,20.22,86.7,499.2,4.05,98.9,released
PARA-24-0046,Paracetamol 500mg,2024-01-05,Press-B,OP-018,19.89,86.2,496.3,4.18,100.0,released
PARA-24-0047,Paracetamol 500mg,2024-01-05,Press-C,OP-005,17.27,85.3,498.5,3.97,98.9,released
PARA-24-0048,Paracetamol 500mg,2024-01-05,Press-A,OP-012,20.92,85.9,502.2,4.14,99.6,released
PARA-24-0049,Paracetamol 500mg,2024-01-05,Press-B,OP-005,20.98,86.3,502.8,4.15,98.7,released
PARA-24-0050,Paracetamol 500mg,2024-01-05,Press-A,OP-011,21.39,86.0,497.0,3.92,95.9,released
PARA-24-0051,Paracetamol 500mg,2024-01-06,Press-A,OP-009,21.26,91.5,499.4,4.02,97.0,released
PARA-24-0052,Paracetamol 500mg,2024-01-06,Press-B,OP-012,20.18,85.0,505.0,4.0,98.3,released
PARA-24-0053,Paracetamol 500mg,2024-01-06,Press-A,OP-013,18.58,93.8,502.4,3.98,97.0,released
PARA-24-0054,Paracetamol 500mg,2024-01-06,Press-C,OP-011,18.82,90.3,499.4,4.06,97.8,released
PARA-24-0055,Paracetamol 500mg,2024-01-06,Press-B,OP-002,21.24,91.4,499.7,3.91,96.6,released
PARA-24-0056,Paracetamol 500mg,2024-01-06,Press-B,OP-019,18.89,88.6,500.8,3.89,98.7,released
PARA-24-0057,Paracetamol 500mg,2024-01-06,Press-C,OP-007,19.62,89.4,498.6,3.92,96.9,released
PARA-24-0058,Paracetamol 500mg,2024-01-06,Press-C,OP-010,22.68,80.6,499.8,3.93,100.0,released
PARA-24-0059,Paracetamol 500mg,2024-01-06,Press-C,OP-005,20.79,94.9,496.4,4.11,98.9,released
PARA-24-0060,Paracetamol 500mg,2024-01-06,Press-B,OP-018,21.73,90.1,497.8,4.04,100.0,released
PARA-24-0061,Paracetamol 500mg,2024-01-07,Press-C,OP-011,18.42,89.2,500.8,4.11,100.0,released
PARA-24-0062,Paracetamol 500mg,2024-01-07,Press-A,OP-003,18.44,83.4,504.3,3.97,97.5,released
PARA-24-0063,Paracetamol 500mg,2024-01-07,Press-A,OP-010,20.16,88.3,502.2,4.01,95.1,released
PARA-24-0064,Paracetamol 500mg,2024-01-07,Press-A,OP-015,20.45,78.9,502.2,4.05,100.0,released
PARA-24-0065,Paracetamol 500mg,2024-01-07,Press-B,OP-013,20.08,95.3,505.0,4.01,98.1,released
PARA-24-0066,Paracetamol 500mg,2024-01-07,Press-B,OP-008,19.29,93.7,506.7,3.97,97.9,released
PARA-24-0067,Paracetamol 500mg,2024-01-07,Press-A,OP-004,17.4,87.4,495.6,3.74,95.0,released
PARA-24-0068,Paracetamol 500mg,2024-01-07,Press-B,OP-017,17.93,78.2,502.9,3.94,98.3,released
PARA-24-0069,Paracetamol 500mg,2024-01-07,Press-B,OP-015,19.93,91.8,496.7,3.87,95.9,released
PARA-24-0070,Paracetamol 500mg,2024-01-07,Press-B,OP-015,19.72,91.6,501.2,3.99,99.3,released
PARA-24-0071,Paracetamol 500mg,2024-01-08,Press-C,OP-003,20.7,90.8,498.4,3.85,99.4,released
PARA-24-0072,Paracetamol 500mg,2024-01-08,Press-C,OP-015,20.6,85.1,501.0,3.81,99.6,released
PARA-24-0073,Paracetamol 500mg,2024-01-08,Press-C,OP-001,21.59,81.3,499.8,4.01,96.5,released
PARA-24-0074,Paracetamol 500mg,2024-01-08,Press-B,OP-018,22.01,87.9,496.2,3.94,97.4,released
PARA-24-0075,Paracetamol 500mg,2024-01-08,Press-A,OP-009,19.67,85.5,497.7,4.13,97.3,released
PARA-24-0076,Paracetamol 500mg,2024-01-08,Press-B,OP-005,20.51,94.1,499.6,4.11,96.9,released
PARA-24-0077,Paracetamol 500mg,2024-01-08,Press-C,OP-001,21.37,90.7,501.3,3.95,97.9,released
PARA-24-0078,Paracetamol 500mg,2024-01-08,Press-B,OP-011,21.33,82.6,505.3,3.96,100.0,released
PARA-24-0079,Paracetamol 500mg,2024-01-08,Press-B,OP-009,20.86,83.1,500.0,3.97,99.0,released
PARA-24-0080,Paracetamol 500mg,2024-01-08,Press-A,OP-002,19.68,85.3,492.7,4.01,98.3,released
PARA-24-0081,Paracetamol 500mg,2024-01-09,Press-A,OP-008,21.57,90.3,498.1,3.97,97.2,released
PARA-24-0082,Paracetamol 500mg,2024-01-09,Press-A,OP-004,17.57,85.5,498.2,3.95,99.8,released
PARA-24-0083,Paracetamol 500mg,2024-01-09,Press-B,OP-019,18.33,76.7,496.2,4.1,100.0,released
PARA-24-0084,Paracetamol 500mg,2024-01-09,Press-C,OP-008,21.06,94.9,503.1,4.08,96.4,released
PARA-24-0085,Paracetamol 500mg,2024-01-09,Press-A,OP-019,20.28,80.5,497.4,4.04,96.6,released
PARA-24-0086,Paracetamol 500mg,2024-01-09,Press-B,OP-016,19.95,98.0,504.7,3.88,95.9,released
PARA-24-0087,Paracetamol 500mg,2024-01-09,Press-C,OP-005,17.76,91.2,502.3,3.98,98.7,released
PARA-24-0088,Paracetamol 500mg,2024-01-09,Press-B,OP-015,18.26,80.6,501.9,3.98,100.0,released
PARA-24-0089,Paracetamol 500mg,2024-01-09,Press-A,OP-009,20.83,82.5,496.0,4.03,97.7,released
PARA-24-0090,Paracetamol 500mg,2024-01-09,Press-B,OP-006,20.25,83.3,500.2,4.0,99.2,released
PARA-24-0091,Paracetamol 500mg,2024-01-10,Press-C,OP-009,18.3,85.9,500.8,4.07,96.4,released
PARA-24-0092,Paracetamol 500mg,2024-01-10,Press-A,OP-016,21.06,81.5,497.2,4.01,97.4,released
PARA-24-0093,Paracetamol 500mg,2024-01-10,Press-A,OP-013,19.54,81.0,497.0,3.94,96.5,released
PARA-24-0094,Paracetamol 500mg,2024-01-10,Press-C,OP-018,19.7,84.2,504.1,3.99,99.1,released
PARA-24-0095,Paracetamol 500mg,2024-01-10,Press-A,OP-007,19.01,92.6,504.4,3.95,98.9,released
PARA-24-0096,Paracetamol 500mg,2024-01-10,Press-B,OP-019,22.29,94.0,499.5,3.99,98.7,released
PARA-24-0097,Paracetamol 500mg,2024-01-10,Press-A,OP-010,20.13,88.1,503.7,4.01,97.4,released
PARA-24-0098,Paracetamol 500mg,2024-01-10,Press-C,OP-010,24.01,87.2,498.5,4.08,96.7,released
PARA-24-0099,Paracetamol 500mg,2024-01-10,Press-A,OP-019,19.63,90.6,495.8,4.22,98.0,released
PARA-24-0100,Paracetamol 500mg,2024-01-10,Press-A,OP-003,22.98,83.4,500.7,3.98,97.6,released
PARA-24-0101,Paracetamol 500mg,2024-01-11,Press-A,OP-019,20.6,84.3,500.0,4.13,96.3,released
PARA-24-0102,Paracetamol 500mg,2024-01-11,Press-C,OP-008,21.02,88.8,497.1,4.07,97.3,released
PARA-24-0103,Paracetamol 500mg,2024-01-11,Press-C,OP-014,19.29,94.5,496.2,3.9,99.0,released
PARA-24-0104,Paracetamol 500mg,2024-01-11,Press-A,OP-009,19.67,83.4,498.5,4.02,98.5,released
PARA-24-0105,Paracetamol 500mg,2024-01-11,Press-A,OP-014,18.08,87.1,499.4,4.07,97.4,released
PARA-24-0106,Paracetamol 500mg,2024-01-11,Press-B,OP-003,17.75,83.6,493.7,4.03,96.0,released
PARA-24-0107,Paracetamol 500mg,2024-01-11,Press-C,OP-007,18.32,90.8,496.1,3.83,98.3,released
PARA-24-0108,Paracetamol 500mg,2024-01-11,Press-A,OP-010,19.49,77.3,496.9,4.09,97.2,released
PARA-24-0109,Paracetamol 500mg,2024-01-11,Press-B,OP-010,18.89,76.6,496.5,4.0,98.4,released
PARA-24-0110,Paracetamol 500mg,2024-01-11,Press-B,OP-011,20.21,87.1,499.6,4.02,100.0,released
PARA-24-0111,Paracetamol 500mg,2024-01-12,Press-C,OP-019,25.63,82.0,498.9,3.93,100.0,released
PARA-24-0112,Paracetamol 500mg,2024-01-12,Press-B,OP-017,20.63,81.5,494.6,4.06,99.8,released
PARA-24-0113,Paracetamol 500mg,2024-01-12,Press-C,OP-016,21.66,86.9,497.8,4.05,98.7,released
PARA-24-0114,Paracetamol 500mg,2024-01-12,Press-B,OP-016,20.54,85.1,507.0,4.05,96.3,released
PARA-24-0115,Paracetamol 500mg,2024-01-12,Press-B,OP-003,19.48,92.1,503.0,3.98,93.6,released
PARA-24-0116,Paracetamol 500mg,2024-01-12,Press-C,OP-018,19.59,86.4,500.2,3.86,97.8,released
PARA-24-0117,Paracetamol 500mg,2024-01-12,Press-B,OP-015,20.06,84.6,493.5,3.93,95.9,released
PARA-24-0118,Paracetamol 500mg,2024-01-12,Press-A,OP-001,20.88,91.8,499.3,4.0,98.9,released
PARA-24-0119,Paracetamol 500mg,2024-01-12,Press-C,OP-001,19.37,87.3,506.6,3.99,97.3,released
PARA-24-0120,Paracetamol 500mg,2024-01-12,Press-A,OP-016,20.18,88.8,499.0,3.97,96.5,released
PARA-24-0121,Paracetamol 500mg,2024-01-13,Press-B,OP-016,20.07,94.3,495.0,4.15,94.9,released
PARA-24-0122,Paracetamol 500mg,2024-01-13,Press-A,OP-009,19.84,86.4,494.2,3.91,100.0,released
PARA-24-0123,Paracetamol 500mg,2024-01-13,Press-B,OP-001,19.74,92.1,490.5,3.81,97.2,released
PARA-24-0124,Paracetamol 500mg,2024-01-13,Press-C,OP-016,20.06,84.4,503.1,3.89,97.6,released
PARA-24-0125,Paracetamol 500mg,2024-01-13,Press-B,OP-007,21.1,87.6,495.6,4.13,96.9,released
PARA-24-0126,Paracetamol 500mg,2024-01-13,Press-B,OP-013,20.7,82.4,502.9,4.12,94.2,released
PARA-24-0127,Paracetamol 500mg,2024-01-13,Press-B,OP-002,22.73,97.2,499.3,4.04,98.4,released
PARA-24-0128,Paracetamol 500mg,2024-01-13,Press-B,OP-001,19.43,87.1,497.0,3.97,97.3,released
PARA-24-0129,Paracetamol 500mg,2024-01-13,Press-B,OP-009,18.78,94.5,496.5,3.84,99.8,released
PARA-24-0130,Paracetamol 500mg,2024-01-13,Press-B,OP-011,17.62,80.7,495.5,3.88,98.1,released
PARA-24-0131,Paracetamol 500mg,2024-01-14,Press-C,OP-003,20.22,95.6,499.5,4.07,100.0,released
PARA-24-0132,Paracetamol 500mg,2024-01-14,Press-C,OP-004,22.23,80.8,501.6,4.03,97.7,released
PARA-24-0133,Paracetamol 500mg,2024-01-14,Press-A,OP-010,19.0,89.1,500.1,4.1,97.6,released
PARA-24-0134,Paracetamol 500mg,2024-01-14,Press-A,OP-003,19.14,81.2,498.1,3.95,96.4,released
PARA-24-0135,Paracetamol 500mg,2024-01-14,Press-C,OP-005,20.24,95.1,495.7,4.04,99.4,released
PARA-24-0136,Paracetamol 500mg,2024-01-14,Press-B,OP-018,19.0,91.0,502.7,3.92,99.6,released
PARA-24-0137,Paracetamol 500mg,2024-01-14,Press-C,OP-014,19.39,82.9,496.3,4.36,98.4,released
PARA-24-0138,Paracetamol 500mg,2024-01-14,Press-B,OP-019,19.43,85.4,501.9,3.99,97.7,released
PARA-24-0139,Paracetamol 500mg,2024-01-14,Press-C,OP-013,19.7,94.4,498.1,3.85,100.0,released
PARA-24-0140,Paracetamol 500mg,2024-01-14,Press-B,OP-010,20.62,88.6,497.9,4.02,97.0,released
PARA-24-0141,Paracetamol 500mg,2024-01-15,Press-A,OP-009,18.95,77.8,496.9,3.84,95.8,released
PARA-24-0142,Paracetamol 500mg,2024-01-15,Press-C,OP-002,17.66,86.0,503.0,3.86,96.8,released
PARA-24-0143,Paracetamol 500mg,2024-01-15,Press-A,OP-010,19.28,89.6,501.6,4.17,99.0,released
PARA-24-0144,Paracetamol 500mg,2024-01-15,Press-C,OP-009,19.0,89.9,498.0,4.05,96.5,released
PARA-24-0145,Paracetamol 500mg,2024-01-15,Press-B,OP-011,20.56,82.7,504.5,4.08,98.3,released
PARA-24-0146,Paracetamol 500mg,2024-01-15,Press-C,OP-013,22.23,96.8,498.9,3.88,100.0,released
PARA-24-0147,Paracetamol 500mg,2024-01-15,Press-A,OP-009,18.39,83.7,497.9,3.87,95.6,released
PARA-24-0148,Paracetamol 500mg,2024-01-15,Press-B,OP-004,18.59,85.4,497.0,3.82,95.5,released
PARA-24-0149,Paracetamol 500mg,2024-01-15,Press-B,OP-008,18.72,82.3,495.5,4.03,97.6,released
PARA-24-0150,Paracetamol 500mg,2024-01-15,Press-A,OP-002,19.4,83.0,503.3,4.17,99.8,released
PARA-24-0151,Paracetamol 500mg,2024-01-16,Press-A,OP-013,17.86,87.1,499.7,3.76,95.8,released
PARA-24-0152,Paracetamol 500mg,2024-01-16,Press-A,OP-014,21.2,79.7,495.3,3.82,95.6,released
PARA-24-0153,Paracetamol 500mg,2024-01-16,Press-B,OP-002,19.62,84.7,497.9,4.02,95.3,released
PARA-24-0154,Paracetamol 500mg,2024-01-16,Press-B,OP-018,23.21,93.9,497.5,4.07,98.4,released
PARA-24-0155,Paracetamol 500mg,2024-01-16,Press-A,OP-015,20.87,86.9,494.9,3.8,99.3,released
PARA-24-0156,Paracetamol 500mg,2024-01-16,Press-A,OP-019,20.42,87.6,505.4,3.87,97.3,released
PARA-24-0157,Paracetamol 500mg,2024-01-16,Press-A,OP-011,20.4,76.3,498.0,3.95,100.0,released
PARA-24-0158,Paracetamol 500mg,2024-01-16,Press-C,OP-009,19.56,88.7,498.6,4.04,97.4,released
PARA-24-0159,Paracetamol 500mg,2024-01-16,Press-B,OP-008,19.77,87.5,499.8,4.05,97.4,released
PARA-24-0160,Paracetamol 500mg,2024-01-16,Press-A,OP-016,20.35,80.5,500.9,3.91,97.1,released
PARA-24-0161,Paracetamol 500mg,2024-01-17,Press-A,OP-002,19.53,74.2,498.6,3.93,97.8,released
PARA-24-0162,Paracetamol 500mg,2024-01-17,Press-B,OP-013,19.7,85.9,500.6,3.97,96.4,released
PARA-24-0163,Paracetamol 500mg,2024-01-17,Press-A,OP-011,19.57,83.8,499.3,4.14,96.7,released
PARA-24-0164,Paracetamol 500mg,2024-01-17,Press-C,OP-017,19.6,86.3,503.4,3.84,99.1,released
PARA-24-0165,Paracetamol 500mg,2024-01-17,Press-A,OP-018,19.81,81.6,497.9,4.02,97.1,released
PARA-24-0166,Paracetamol 500mg,2024-01-17,Press-B,OP-004,21.4,86.3,502.4,3.99,100.0,released
PARA-24-0167,Paracetamol 500mg,2024-01-17,Press-C,OP-016,22.58,91.9,501.1,4.02,97.8,released
PARA-24-0168,Paracetamol 500mg,2024-01-17,Press-C,OP-002,17.27,82.5,498.0,3.98,98.7,released
PARA-24-0169,Paracetamol 500mg,2024-01-17,Press-B,OP-014,21.62,82.1,504.0,3.97,96.8,released
PARA-24-0170,Paracetamol 500mg,2024-01-17,Press-A,OP-005,21.58,83.0,498.2,4.15,99.8,released
PARA-24-0171,Paracetamol 500mg,2024-01-18,Press-B,OP-004,20.16,81.5,502.0,3.82,100.0,released
PARA-24-0172,Paracetamol 500mg,2024-01-18,Press-C,OP-018,19.56,99.3,501.1,4.04,97.0,released
PARA-24-0173,Paracetamol 500mg,2024-01-18,Press-A,OP-009,19.62,80.9,499.8,4.01,99.3,released
PARA-24-0174,Paracetamol 500mg,2024-01-18,Press-B,OP-003,18.59,92.4,503.3,4.16,98.5,released
PARA-24-0175,Paracetamol 500mg,2024-01-18,Press-A,OP-013,18.8,87.2,496.7,4.12,98.3,released
PARA-24-0176,Paracetamol 500mg,2024-01-18,Press-A,OP-002,18.09,89.7,504.2,4.04,98.2,released
PARA-24-0177,Paracetamol 500mg,2024-01-18,Press-B,OP-014,18.39,88.5,499.3,4.17,99.2,released
PARA-24-0178,Paracetamol 500mg,2024-01-18,Press-B,OP-019,21.04,80.6,500.4,4.1,98.4,released
PARA-24-0179,Paracetamol 500mg,2024-01-18,Press-C,OP-002,21.27,88.2,500.4,4.05,98.0,released
PARA-24-0180,Paracetamol 500mg,2024-01-18,Press-A,OP-016,21.34,84.9,498.1,3.89,99.6,released
PARA-24-0181,Paracetamol 500mg,2024-01-19,Press-C,OP-018,21.36,80.2,505.4,4.09,98.3,released
PARA-24-0182,Paracetamol 500mg,2024-01-19,Press-A,OP-011,20.08,79.2,498.2,3.97,96.5,released
PARA-24-0183,Paracetamol 500mg,2024-01-19,Press-A,OP-013,21.32,85.6,501.3,3.87,99.7,released
PARA-24-0184,Paracetamol 500mg,2024-01-19,Press-A,OP-014,17.07,87.1,498.1,3.9,97.0,released
PARA-24-0185,Paracetamol 500mg,2024-01-19,Press-B,OP-010,19.97,84.5,500.2,3.96,96.8,released
PARA-24-0186,Paracetamol 500mg,2024-01-19,Press-A,OP-012,18.63,77.5,506.1,3.97,97.3,released
PARA-24-0187,Paracetamol 500mg,2024-01-19,Press-A,OP-005,19.97,88.1,502.9,4.14,100.0,released
PARA-24-0188,Paracetamol 500mg,2024-01-19,Press-C,OP-016,21.68,81.7,500.9,3.87,96.9,released
PARA-24-0189,Paracetamol 500mg,2024-01-19,Press-C,OP-011,21.39,82.7,500.7,4.03,96.8,released
PARA-24-0190,Paracetamol 500mg,2024-01-19,Press-B,OP-019,20.45,93.6,501.2,3.96,99.5,released
PARA-24-0191,Paracetamol 500mg,2024-01-20,Press-A,OP-012,20.29,83.3,503.9,3.85,96.7,released
PARA-24-0192,Paracetamol 500mg,2024-01-20,Press-B,OP-019,18.82,79.7,498.2,4.09,97.0,released
PARA-24-0193,Paracetamol 500mg,2024-01-20,Press-C,OP-007,19.26,93.1,500.6,4.03,100.0,released
PARA-24-0194,Paracetamol 500mg,2024-01-20,Press-B,OP-003,21.95,84.9,499.9,4.0,99.6,released
PARA-24-0195,Paracetamol 500mg,2024-01-20,Press-B,OP-017,19.13,87.6,498.3,4.06,96.9,released
PARA-24-0196,Paracetamol 500mg,2024-01-20,Press-C,OP-002,20.74,89.8,495.8,4.04,98.3,released
PARA-24-0197,Paracetamol 500mg,2024-01-20,Press-C,OP-013,19.49,95.8,496.4,3.82,98.9,released
PARA-24-0198,Paracetamol 500mg,2024-01-20,Press-C,OP-005,19.03,91.7,498.7,3.92,96.2,released
PARA-24-0199,Paracetamol 500mg,2024-01-20,Press-A,OP-003,19.47,89.5,501.4,3.82,96.6,released
PARA-24-0200,Paracetamol 500mg,2024-01-20,Press-C,OP-017,17.53,94.2,502.5,3.98,98.0,released
PARA-24-0201,Paracetamol 500mg,2024-01-21,Press-B,OP-006,21.31,86.6,500.2,3.94,98.9,released
PARA-24-0202,Paracetamol 500mg,2024-01-21,Press-B,OP-004,20.0,81.8,499.8,3.99,96.2,released
PARA-24-0203,Paracetamol 500mg,2024-01-21,Press-C,OP-011,21.48,83.1,498.6,3.97,99.0,released
PARA-24-0204,Paracetamol 500mg,2024-01-21,Press-C,OP-006,22.09,87.7,499.1,3.9,99.8,released
PARA-24-0205,Paracetamol 500mg,2024-01-21,Press-B,OP-010,20.04,79.3,500.2,4.07,100.0,released
PARA-24-0206,Paracetamol 500mg,2024-01-21,Press-A,OP-012,19.44,82.2,496.5,3.84,98.9,released
PARA-24-0207,Paracetamol 500mg,2024-01-21,Press-B,OP-017,16.15,85.8,502.2,3.84,98.7,released
PARA-24-0208,Paracetamol 500mg,2024-01-21,Press-C,OP-016,20.87,92.5,497.3,4.15,99.7,released
PARA-24-0209,Paracetamol 500mg,2024-01-21,Press-A,OP-010,20.77,86.5,496.6,4.04,98.3,released
PARA-24-0210,Paracetamol 500mg,2024-01-21,Press-A,OP-015,19.43,93.6,495.4,3.91,98.8,released
PARA-24-0211,Paracetamol 500mg,2024-01-22,Press-B,OP-008,19.53,89.4,500.4,4.09,99.9,released
PARA-24-0212,Paracetamol 500mg,2024-01-22,Press-B,OP-005,21.39,90.7,501.9,4.07,96.0,released
PARA-24-0213,Paracetamol 500mg,2024-01-22,Press-A,OP-016,19.85,85.2,502.0,4.04,99.0,released
PARA-24-0214,Paracetamol 500mg,2024-01-22,Press-C,OP-017,18.37,80.3,502.4,4.0,98.8,released
PARA-24-0215,Paracetamol 500mg,2024-01-22,Press-A,OP-014,18.65,79.6,505.3,4.07,96.1,released
PARA-24-0216,Paracetamol 500mg,2024-01-22,Press-C,OP-017,20.0,80.9,497.8,4.0,98.1,released
PARA-24-0217,Paracetamol 500mg,2024-01-22,Press-B,OP-008,19.13,86.6,498.2,3.89,95.6,released
PARA-24-0218,Paracetamol 500mg,2024-01-22,Press-C,OP-017,22.85,89.3,496.5,4.2,98.4,released
PARA-24-0219,Paracetamol 500mg,2024-01-22,Press-A,OP-013,21.14,84.5,505.3,4.02,96.6,released
PARA-24-0220,Paracetamol 500mg,2024-01-22,Press-C,OP-004,22.02,89.1,495.2,3.99,98.4,released
PARA-24-0221,Paracetamol 500mg,2024-01-23,Press-C,OP-011,20.36,85.1,500.6,3.89,97.3,released
PARA-24-0222,Paracetamol 500mg,2024-01-23,Press-A,OP-003,18.0,82.5,493.0,4.07,98.2,released
PARA-24-0223,Paracetamol 500mg,2024-01-23,Press-A,OP-002,19.48,88.9,495.6,4.11,97.6,released
PARA-24-0224,Paracetamol 500mg,2024-01-23,Press-C,OP-007,20.07,85.8,505.8,4.14,98.6,released
PARA-24-0225,Paracetamol 500mg,2024-01-23,Press-B,OP-004,20.49,82.9,497.4,4.06,99.3,released
PARA-24-0226,Paracetamol 500mg,2024-01-23,Press-A,OP-016,19.63,83.3,497.3,4.02,96.9,released
PARA-24-0227,Paracetamol 500mg,2024-01-23,Press-A,OP-014,21.79,88.2,501.7,3.89,97.7,released
PARA-24-0228,Paracetamol 500mg,2024-01-23,Press-C,OP-010,20.55,85.6,503.8,3.86,99.0,released
PARA-24-0229,Paracetamol 500mg,2024-01-23,Press-B,OP-015,22.92,90.7,493.6,4.28,97.4,released
PARA-24-0230,Paracetamol 500mg,2024-01-23,Press-A,OP-003,24.15,82.6,497.3,3.83,97.8,released
PARA-24-0231,Paracetamol 500mg,2024-01-24,Press-A,OP-001,21.28,90.3,500.2,3.97,100.0,released
PARA-24-0232,Paracetamol 500mg,2024-01-24,Press-B,OP-012,21.07,83.2,502.6,3.88,96.6,released
PARA-24-0233,Paracetamol 500mg,2024-01-24,Press-B,OP-012,19.44,88.7,501.9,4.07,97.5,released
PARA-24-0234,Paracetamol 500mg,2024-01-24,Press-A,OP-001,21.11,84.5,496.5,3.9,99.3,released
PARA-24-0235,Paracetamol 500mg,2024-01-24,Press-B,OP-009,19.7,84.7,496.5,3.9,99.0,released
PARA-24-0236,Paracetamol 500mg,2024-01-24,Press-A,OP-003,19.99,74.8,501.9,3.96,98.2,released
PARA-24-0237,Paracetamol 500mg,2024-01-24,Press-C,OP-011,18.84,81.2,497.6,3.97,97.7,released
PARA-24-0238,Paracetamol 500mg,2024-01-24,Press-C,OP-006,20.84,89.6,496.6,4.05,98.7,released
PARA-24-0239,Paracetamol 500mg,2024-01-24,Press-A,OP-008,20.09,83.9,497.3,3.97,98.6,released
PARA-24-0240,Paracetamol 500mg,2024-01-24,Press-C,OP-003,18.21,92.6,501.2,3.98,96.3,released
PARA-24-0241,Paracetamol 500mg,2024-01-25,Press-B,OP-014,20.26,86.2,504.2,3.98,95.8,released
PARA-24-0242,Paracetamol 500mg,2024-01-25,Press-B,OP-005,20.7,94.3,496.4,3.96,97.3,released
PARA-24-0243,Paracetamol 500mg,2024-01-25,Press-A,OP-014,16.98,84.8,501.8,3.89,97.7,released
PARA-24-0244,Paracetamol 500mg,2024-01-25,Press-C,OP-008,20.84,81.3,505.9,4.15,96.2,released
PARA-24-0245,Paracetamol 500mg,2024-01-25,Press-B,OP-007,18.75,83.3,501.8,4.06,96.3,released
PARA-24-0246,Paracetamol 500mg,2024-01-25,Press-A,OP-019,19.63,87.7,499.4,3.91,96.0,released
PARA-24-0247,Paracetamol 500mg,2024-01-25,Press-C,OP-011,21.06,82.6,500.3,3.98,100.0,released
PARA-24-0248,Paracetamol 500mg,2024-01-25,Press-C,OP-009,20.61,83.0,495.8,3.88,99.1,released
PARA-24-0249,Paracetamol 500mg,2024-01-25,Press-B,OP-018,19.07,100.1,494.6,4.02,97.5,released
PARA-24-0250,Paracetamol 500mg,2024-01-25,Press-A,OP-002,18.84,87.8,502.6,3.91,98.3,released
PARA-24-0251,Paracetamol 500mg,2024-01-26,Press-A,OP-011,20.85,81.6,502.8,3.99,96.0,released
PARA-24-0252,Paracetamol 500mg,2024-01-26,Press-C,OP-018,21.51,90.9,501.4,4.08,99.1,released
PARA-24-0253,Paracetamol 500mg,2024-01-26,Press-A,OP-004,23.44,88.8,502.1,3.92,100.0,released
PARA-24-0254,Paracetamol 500mg,2024-01-26,Press-B,OP-019,19.25,87.4,498.1,4.18,100.0,released
PARA-24-0255,Paracetamol 500mg,2024-01-26,Press-B,OP-016,21.28,84.0,502.5,4.05,96.9,released
PARA-24-0256,Paracetamol 500mg,2024-01-26,Press-C,OP-012,20.3,91.9,500.7,3.84,96.3,released
PARA-24-0257,Paracetamol 500mg,2024-01-26,Press-C,OP-016,19.96,88.6,501.3,4.03,97.9,released
PARA-24-0258,Paracetamol 500mg,2024-01-26,Press-B,OP-012,21.43,89.6,500.3,3.91,97.5,released
PARA-24-0259,Paracetamol 500mg,2024-01-26,Press-B,OP-003,18.76,91.6,494.7,3.94,96.5,released
PARA-24-0260,Paracetamol 500mg,2024-01-26,Press-A,OP-004,18.56,78.0,503.3,3.87,100.0,released
PARA-24-0261,Paracetamol 500mg,2024-01-27,Press-A,OP-007,18.78,82.0,500.8,4.01,97.4,released
PARA-24-0262,Paracetamol 500mg,2024-01-27,Press-C,OP-015,17.36,94.3,505.1,4.15,100.0,released
PARA-24-0263,Paracetamol 500mg,2024-01-27,Press-B,OP-006,18.38,92.3,502.2,3.89,96.2,released
PARA-24-0264,Paracetamol 500mg,2024-01-27,Press-B,OP-019,19.92,85.2,505.2,3.9,99.7,released
PARA-24-0265,Paracetamol 500mg,2024-01-27,Press-B,OP-019,18.86,98.0,502.9,3.9,97.0,released
PARA-24-0266,Paracetamol 500mg,2024-01-27,Press-C,OP-019,19.33,80.9,497.8,3.95,97.5,released
PARA-24-0267,Paracetamol 500mg,2024-01-27,Press-C,OP-013,21.36,94.0,507.2,4.05,98.2,released
PARA-24-0268,Paracetamol 500mg,2024-01-27,Press-B,OP-014,20.19,92.4,503.7,3.85,99.4,released
PARA-24-0269,Paracetamol 500mg,2024-01-27,Press-B,OP-002,19.5,82.2,490.1,3.87,96.6,released
PARA-24-0270,Paracetamol 500mg,2024-01-27,Press-A,OP-015,20.2,88.9,498.6,3.9,100.0,released
PARA-24-0271,Paracetamol 500mg,2024-01-28,Press-C,OP-009,19.25,85.9,500.1,4.13,98.6,released
PARA-24-0272,Paracetamol 500mg,2024-01-28,Press-B,OP-010,23.98,85.9,495.6,3.89,98.1,released
PARA-24-0273,Paracetamol 500mg,2024-01-28,Press-C,OP-009,19.54,94.3,493.9,3.94,96.9,released
PARA-24-0274,Paracetamol 500mg,2024-01-28,Press-A,OP-010,20.85,97.0,502.0,4.2,99.6,released
PARA-24-0275,Paracetamol 500mg,2024-01-28,Press-C,OP-009,19.98,84.5,501.1,3.93,96.9,released
PARA-24-0276,Paracetamol 500mg,2024-01-28,Press-A,OP-019,19.55,85.1,501.0,4.06,97.4,released
PARA-24-0277,Paracetamol 500mg,2024-01-28,Press-A,OP-002,21.09,87.6,495.5,4.03,100.0,released
PARA-24-0278,Paracetamol 500mg,2024-01-28,Press-A,OP-014,22.95,79.1,494.9,3.86,98.3,released
PARA-24-0279,Paracetamol 500mg,2024-01-28,Press-B,OP-011,19.88,89.7,500.5,3.86,98.3,released
PARA-24-0280,Paracetamol 500mg,2024-01-28,Press-A,OP-006,22.44,76.7,502.8,4.02,97.8,released
PARA-24-0281,Paracetamol 500mg,2024-01-29,Press-B,OP-016,20.97,95.7,501.7,3.94,99.2,released
PARA-24-0282,Paracetamol 500mg,2024-01-29,Press-C,OP-004,20.29,92.1,498.8,3.86,98.6,released
PARA-24-0283,Paracetamol 500mg,2024-01-29,Press-C,OP-016,20.62,86.3,497.6,4.0,98.5,released
PARA-24-0284,Paracetamol 500mg,2024-01-29,Press-C,OP-015,18.75,83.3,496.2,4.09,98.1,released
PARA-24-0285,Paracetamol 500mg,2024-01-29,Press-B,OP-019,19.55,85.1,496.7,3.91,96.7,released
PARA-24-0286,Paracetamol 500mg,2024-01-29,Press-B,OP-003,20.89,86.2,500.8,4.11,97.8,released
PARA-24-0287,Paracetamol 500mg,2024-01-29,Press-A,OP-001,19.93,88.7,500.2,3.75,97.2,released
PARA-24-0288,Paracetamol 500mg,2024-01-29,Press-A,OP-009,22.28,80.6,496.2,4.05,98.3,released
PARA-24-0289,Paracetamol 500mg,2024-01-29,Press-B,OP-006,18.53,91.3,503.7,3.9,97.7,released
PARA-24-0290,Paracetamol 500mg,2024-01-29,Press-B,OP-012,20.7,85.4,498.6,4.04,98.6,released
PARA-24-0291,Paracetamol 500mg,2024-01-30,Press-C,OP-012,18.37,91.2,496.3,4.02,97.5,released
PARA-24-0292,Paracetamol 500mg,2024-01-30,Press-A,OP-003,19.1,79.0,499.4,3.86,100.0,released
PARA-24-0293,Paracetamol 500mg,2024-01-30,Press-A,OP-002,21.54,75.5,501.1,4.12,99.5,released
PARA-24-0294,Paracetamol 500mg,2024-01-30,Press-B,OP-004,22.53,84.6,495.7,3.79,98.2,released
PARA-24-0295,Paracetamol 500mg,2024-01-30,Press-B,OP-002,18.28,89.7,499.0,4.01,95.4,released
PARA-24-0296,Paracetamol 500mg,2024-01-30,Press-C,OP-001,20.64,80.7,503.4,4.0,96.0,released
PARA-24-0297,Paracetamol 500mg,2024-01-30,Press-A,OP-014,19.7,86.5,507.0,3.99,100.0,released
PARA-24-0298,Paracetamol 500mg,2024-01-30,Press-A,OP-010,21.47,77.8,502.8,4.03,93.9,released
PARA-24-0299,Paracetamol 500mg,2024-01-30,Press-C,OP-014,17.77,95.5,493.7,4.07,97.6,released
PARA-24-0300,Paracetamol 500mg,2024-01-30,Press-C,OP-018,20.43,94.7,504.4,4.23,100.0,released
PARA-24-0301,Paracetamol 500mg,2024-01-31,Press-B,OP-017,22.9,98.0,502.6,3.86,99.7,released
PARA-24-0302,Paracetamol 500mg,2024-01-31,Press-C,OP-018,19.77,83.7,501.3,4.01,99.7,released
PARA-24-0303,Paracetamol 500mg,2024-01-31,Press-A,OP-009,21.15,94.4,500.1,3.97,96.9,released
PARA-24-0304,Paracetamol 500mg,2024-01-31,Press-A,OP-008,18.25,85.6,501.3,4.13,98.4,released
PARA-24-0305,Paracetamol 500mg,2024-01-31,Press-C,OP-002,20.01,89.5,496.5,4.05,98.1,released
PARA-24-0306,Paracetamol 500mg,2024-01-31,Press-A,OP-017,17.41,88.6,499.9,4.11,97.0,released
PARA-24-0307,Paracetamol 500mg,2024-01-31,Press-C,OP-011,20.25,98.2,503.6,3.99,97.0,released
PARA-24-0308,Paracetamol 500mg,2024-01-31,Press-C,OP-019,20.62,96.0,495.5,3.93,96.9,released
PARA-24-0309,Paracetamol 500mg,2024-01-31,Press-B,OP-002,23.52,85.9,497.5,3.85,97.3,released
PARA-24-0310,Paracetamol 500mg,2024-01-31,Press-A,OP-010,21.41,79.0,503.5,3.81,98.5,released
PARA-24-0311,Paracetamol 500mg,2024-02-01,Press-B,OP-005,21.14,77.6,492.7,3.9,97.2,released
PARA-24-0312,Paracetamol 500mg,2024-02-01,Press-A,OP-009,19.72,87.1,504.1,4.17,96.6,released
PARA-24-0313,Paracetamol 500mg,2024-02-01,Press-A,OP-018,19.84,81.8,499.5,4.15,95.6,released
PARA-24-0314,Paracetamol 500mg,2024-02-01,Press-A,OP-019,18.16,84.0,496.2,3.8,98.4,released
PARA-24-0315,Paracetamol 500mg,2024-02-01,Press-B,OP-010,20.25,87.8,507.1,3.9,100.0,released
PARA-24-0316,Paracetamol 500mg,2024-02-01,Press-B,OP-008,23.97,85.4,495.6,3.94,98.7,released
PARA-24-0317,Paracetamol 500mg,2024-02-01,Press-B,OP-010,18.64,92.2,498.5,4.06,96.2,released
PARA-24-0318,Paracetamol 500mg,2024-02-01,Press-A,OP-016,19.86,85.3,497.4,4.03,99.2,released
PARA-24-0319,Paracetamol 500mg,2024-02-01,Press-A,OP-019,21.62,78.8,503.8,4.01,95.9,released
PARA-24-0320,Paracetamol 500mg,2024-02-01,Press-B,OP-005,18.79,89.2,502.0,3.93,97.5,released
PARA-24-0321,Paracetamol 500mg,2024-02-02,Press-C,OP-011,19.87,97.3,504.2,3.97,97.1,released
PARA-24-0322,Paracetamol 500mg,2024-02-02,Press-B,OP-006,20.05,92.0,502.9,4.08,100.0,released
PARA-24-0323,Paracetamol 500mg,2024-02-02,Press-C,OP-002,17.17,86.6,504.9,4.08,98.2,released
PARA-24-0324,Paracetamol 500mg,2024-02-02,Press-A,OP-008,20.05,87.6,500.7,4.02,99.6,released
PARA-24-0325,Paracetamol 500mg,2024-02-02,Press-A,OP-016,19.86,84.3,497.0,3.98,100.0,released
PARA-24-0326,Paracetamol 500mg,2024-02-02,Press-C,OP-010,20.25,97.1,500.6,3.92,95.6,released
PARA-24-0327,Paracetamol 500mg,2024-02-02,Press-A,OP-004,21.59,82.0,500.2,4.14,98.0,released
PARA-24-0328,Paracetamol 500mg,2024-02-02,Press-B,OP-003,21.4,84.4,502.2,3.72,96.2,released
PARA-24-0329,Paracetamol 500mg,2024-02-02,Press-A,OP-010,18.83,76.1,496.6,3.84,98.0,released
PARA-24-0330,Paracetamol 500mg,2024-02-02,Press-B,OP-013,19.34,86.4,499.7,4.06,98.1,released
PARA-24-0331,Paracetamol 500mg,2024-02-03,Press-B,OP-014,19.17,84.5,508.0,3.96,100.0,released
PARA-24-0332,Paracetamol 500mg,2024-02-03,Press-A,OP-007,17.93,91.2,497.3,3.93,97.5,released
PARA-24-0333,Paracetamol 500mg,2024-02-03,Press-A,OP-009,21.56,81.2,506.7,4.05,96.5,released
PARA-24-0334,Paracetamol 500mg,2024-02-03,Press-C,OP-005,23.52,88.1,495.3,3.97,98.4,released
PARA-24-0335,Paracetamol 500mg,2024-02-03,Press-A,OP-019,20.17,94.5,495.1,4.14,96.8,released
PARA-24-0336,Paracetamol 500mg,2024-02-03,Press-A,OP-003,22.19,71.5,500.0,4.1,98.5,released
PARA-24-0337,Paracetamol 500mg,2024-02-03,Press-A,OP-011,18.37,80.8,493.5,3.85,97.0,released
PARA-24-0338,Paracetamol 500mg,2024-02-03,Press-B,OP-016,21.89,88.9,503.8,3.95,98.7,released
PARA-24-0339,Paracetamol 500mg,2024-02-03,Press-C,OP-013,21.79,91.6,501.4,3.85,98.8,released
PARA-24-0340,Paracetamol 500mg,2024-02-03,Press-C,OP-005,20.43,87.7,497.4,4.01,98.1,released
PARA-24-0341,Paracetamol 500mg,2024-02-04,Press-B,OP-015,19.24,91.1,501.3,4.05,96.2,released
PARA-24-0342,Paracetamol 500mg,2024-02-04,Press-B,OP-004,20.6,92.6,500.5,4.11,99.1,released
PARA-24-0343,Paracetamol 500mg,2024-02-04,Press-B,OP-013,21.55,88.4,500.9,3.84,93.6,released
PARA-24-0344,Paracetamol 500mg,2024-02-04,Press-A,OP-019,18.28,77.5,499.4,4.04,99.0,released
PARA-24-0345,Paracetamol 500mg,2024-02-04,Press-B,OP-016,20.55,90.4,499.6,4.08,98.3,released
PARA-24-0346,Paracetamol 500mg,2024-02-04,Press-A,OP-016,18.61,82.3,498.9,4.07,98.8,released
PARA-24-0347,Paracetamol 500mg,2024-02-04,Press-B,OP-011,20.8,83.9,502.1,3.92,95.5,released
PARA-24-0348,Paracetamol 500mg,2024-02-04,Press-C,OP-005,21.18,85.9,503.9,3.96,96.4,released
PARA-24-0349,Paracetamol 500mg,2024-02-04,Press-A,OP-013,21.22,84.2,498.8,3.89,97.0,released
PARA-24-0350,Paracetamol 500mg,2024-02-04,Press-B,OP-009,19.49,90.0,497.3,4.1,99.3,released
PARA-24-0351,Paracetamol 500mg,2024-02-05,Press-C,OP-018,21.09,95.7,504.8,4.03,99.0,released
PARA-24-0352,Paracetamol 500mg,2024-02-05,Press-B,OP-003,19.64,91.7,495.1,3.9,99.0,released
PARA-24-0353,Paracetamol 500mg,2024-02-05,Press-C,OP-010,20.11,95.3,498.9,3.83,100.0,released
PARA-24-0354,Paracetamol 500mg,2024-02-05,Press-B,OP-019,22.06,83.2,502.1,4.13,96.9,released
PARA-24-0355,Paracetamol 500mg,2024-02-05,Press-C,OP-002,20.36,83.4,502.9,3.92,97.6,released
PARA-24-0356,Paracetamol 500mg,2024-02-05,Press-A,OP-012,19.52,88.5,503.6,3.87,97.2,released
PARA-24-0357,Paracetamol 500mg,2024-02-05,Press-C,OP-013,21.32,87.1,500.4,3.95,98.9,released
PARA-24-0358,Paracetamol 500mg,2024-02-05,Press-C,OP-017,20.62,80.9,498.4,4.02,99.4,released
PARA-24-0359,Paracetamol 500mg,2024-02-05,Press-B,OP-019,19.69,85.3,503.4,4.0,97.0,released
PARA-24-0360,Paracetamol 500mg,2024-02-05,Press-A,OP-004,23.24,89.0,495.8,3.95,99.1,released
PARA-24-0361,Paracetamol 500mg,2024-02-06,Press-A,OP-017,18.3,85.6,495.7,4.06,97.5,released
PARA-24-0362,Paracetamol 500mg,2024-02-06,Press-C,OP-004,21.15,92.5,500.4,4.14,99.7,released
PARA-24-0363,Paracetamol 500mg,2024-02-06,Press-C,OP-008,18.11,87.4,498.5,4.09,95.4,released
PARA-24-0364,Paracetamol 500mg,2024-02-06,Press-C,OP-006,20.63,90.8,504.0,3.87,99.5,released
PARA-24-0365,Paracetamol 500mg,2024-02-06,Press-A,OP-015,18.75,82.3,499.4,3.93,98.0,released
PARA-24-0366,Paracetamol 500mg,2024-02-06,Press-A,OP-019,17.27,93.1,503.6,4.03,99.2,released
PARA-24-0367,Paracetamol 500mg,2024-02-06,Press-B,OP-004,19.77,97.9,495.8,3.98,96.3,released
PARA-24-0368,Paracetamol 500mg,2024-02-06,Press-C,OP-004,18.82,82.4,504.7,3.86,96.2,released
PARA-24-0369,Paracetamol 500mg,2024-02-06,Press-C,OP-010,21.75,84.7,498.8,3.92,98.1,released
PARA-24-0370,Paracetamol 500mg,2024-02-06,Press-B,OP-005,20.75,82.8,499.8,4.06,99.1,released
PARA-24-0371,Paracetamol 500mg,2024-02-07,Press-A,OP-016,18.48,79.2,492.1,3.66,96.4,released
PARA-24-0372,Paracetamol 500mg,2024-02-07,Press-A,OP-006,19.41,82.8,503.0,4.09,98.5,released
PARA-24-0373,Paracetamol 500mg,2024-02-07,Press-A,OP-016,21.8,92.0,503.5,3.97,95.7,released
PARA-24-0374,Paracetamol 500mg,2024-02-07,Press-B,OP-015,20.07,85.9,500.1,4.17,98.5,released
PARA-24-0375,Paracetamol 500mg,2024-02-07,Press-B,OP-002,19.71,94.1,501.6,4.1,97.9,released
PARA-24-0376,Paracetamol 500mg,2024-02-07,Press-C,OP-017,17.45,89.9,501.0,4.03,95.2,released
PARA-24-0377,Paracetamol 500mg,2024-02-07,Press-B,OP-018,20.19,86.7,499.3,3.88,98.7,released
PARA-24-0378,Paracetamol 500mg,2024-02-07,Press-C,OP-008,19.96,82.4,510.9,3.91,98.4,released
PARA-24-0379,Paracetamol 500mg,2024-02-07,Press-A,OP-015,20.5,83.1,500.8,3.94,97.8,released
PARA-24-0380,Paracetamol 500mg,2024-02-07,Press-C,OP-014,17.71,89.4,501.4,4.02,99.0,released
PARA-24-0381,Paracetamol 500mg,2024-02-08,Press-A,OP-019,19.28,88.3,497.4,3.98,97.6,released
PARA-24-0382,Paracetamol 500mg,2024-02-08,Press-B,OP-017,18.81,95.5,499.6,4.21,100.0,released
PARA-24-0383,Paracetamol 500mg,2024-02-08,Press-B,OP-002,23.01,87.5,504.2,4.14,98.0,released
PARA-24-0384,Paracetamol 500mg,2024-02-08,Press-A,OP-013,22.36,78.5,500.3,3.99,99.5,released
PARA-24-0385,Paracetamol 500mg,2024-02-08,Press-B,OP-003,17.94,80.3,503.0,4.07,97.4,released
PARA-24-0386,Paracetamol 500mg,2024-02-08,Press-B,OP-015,23.47,92.2,499.2,4.17,98.0,released
PARA-24-0387,Paracetamol 500mg,2024-02-08,Press-C,OP-003,19.8,82.5,498.5,3.92,99.7,released
PARA-24-0388,Paracetamol 500mg,2024-02-08,Press-A,OP-014,20.72,87.6,496.9,3.96,99.1,released
PARA-24-0389,Paracetamol 500mg,2024-02-08,Press-C,OP-019,22.0,95.2,501.5,3.79,98.0,released
PARA-24-0390,Paracetamol 500mg,2024-02-08,Press-C,OP-015,19.54,99.5,500.7,4.06,99.4,released
PARA-24-0391,Paracetamol 500mg,2024-02-09,Press-B,OP-007,23.29,87.7,501.9,3.94,100.0,released
PARA-24-0392,Paracetamol 500mg,2024-02-09,Press-A,OP-012,17.82,85.0,502.9,4.05,97.5,released
PARA-24-0393,Paracetamol 500mg,2024-02-09,Press-B,OP-010,19.62,79.7,498.8,4.02,98.9,released
PARA-24-0394,Paracetamol 500mg,2024-02-09,Press-A,OP-005,20.59,80.0,498.0,3.99,98.1,released
PARA-24-0395,Paracetamol 500mg,2024-02-09,Press-B,OP-004,21.57,87.6,500.8,4.03,96.2,released
PARA-24-0396,Paracetamol 500mg,2024-02-09,Press-A,OP-004,21.63,81.0,505.7,4.11,100.0,released
PARA-24-0397,Paracetamol 500mg,2024-02-09,Press-A,OP-005,21.76,87.7,498.6,3.96,97.4,released
PARA-24-0398,Paracetamol 500mg,2024-02-09,Press-C,OP-005,20.84,94.1,498.0,3.93,98.4,released
PARA-24-0399,Paracetamol 500mg,2024-02-09,Press-A,OP-005,20.03,78.3,494.2,4.17,97.7,released
PARA-24-0400,Paracetamol 500mg,2024-02-09,Press-B,OP-003,20.76,88.1,504.1,3.99,96.8,released
PARA-24-0401,Paracetamol 500mg,2024-02-10,Press-C,OP-001,21.27,82.0,498.8,4.11,95.5,released
PARA-24-0402,Paracetamol 500mg,2024-02-10,Press-B,OP-002,19.85,89.9,494.8,4.01,99.5,released
PARA-24-0403,Paracetamol 500mg,2024-02-10,Press-A,OP-016,19.63,83.5,500.4,3.99,97.2,released
PARA-24-0404,Paracetamol 500mg,2024-02-10,Press-B,OP-019,21.0,82.5,501.8,4.05,99.5,released
PARA-24-0405,Paracetamol 500mg,2024-02-10,Press-A,OP-001,19.79,84.6,501.4,4.22,99.4,released
PARA-24-0406,Paracetamol 500mg,2024-02-10,Press-B,OP-017,19.52,88.6,496.9,3.88,99.2,released
PARA-24-0407,Paracetamol 500mg,2024-02-10,Press-C,OP-005,19.78,92.2,498.0,4.0,98.7,released
PARA-24-0408,Paracetamol 500mg,2024-02-10,Press-B,OP-019,18.26,81.7,495.7,3.98,97.5,released
PARA-24-0409,Paracetamol 500mg,2024-02-10,Press-C,OP-014,19.64,78.4,501.2,4.02,96.5,released
PARA-24-0410,Paracetamol 500mg,2024-02-10,Press-C,OP-002,20.66,85.0,504.6,4.0,97.2,released
PARA-24-0411,Paracetamol 500mg,2024-02-11,Press-C,OP-005,19.73,85.1,503.5,3.96,98.5,released
PARA-24-0412,Paracetamol 500mg,2024-02-11,Press-A,OP-012,17.66,91.1,503.7,3.98,100.0,released
PARA-24-0413,Paracetamol 500mg,2024-02-11,Press-A,OP-011,20.42,81.3,504.4,4.06,97.5,released
PARA-24-0414,Paracetamol 500mg,2024-02-11,Press-B,OP-017,19.72,84.2,502.7,3.91,97.4,released
PARA-24-0415,Paracetamol 500mg,2024-02-11,Press-B,OP-004,21.77,83.4,503.7,4.11,100.0,released
PARA-24-0416,Paracetamol 500mg,2024-02-11,Press-A,OP-008,20.05,89.6,500.8,4.06,97.5,released
PARA-24-0417,Paracetamol 500mg,2024-02-11,Press-A,OP-018,20.78,77.5,498.8,3.94,98.0,released
PARA-24-0418,Paracetamol 500mg,2024-02-11,Press-B,OP-009,23.34,91.0,496.5,4.11,99.5,released
PARA-24-0419,Paracetamol 500mg,2024-02-11,Press-A,OP-006,20.3,90.9,502.9,4.03,100.0,released
PARA-24-0420,Paracetamol 500mg,2024-02-11,Press-B,OP-011,17.9,92.7,501.7,3.94,98.9,released
PARA-24-0421,Paracetamol 500mg,2024-02-12,Press-B,OP-008,18.04,89.5,494.8,4.01,99.1,released
PARA-24-0422,Paracetamol 500mg,2024-02-12,Press-A,OP-005,23.03,90.1,500.1,4.01,99.4,released
PARA-24-0423,Paracetamol 500mg,2024-02-12,Press-C,OP-001,20.08,87.9,496.8,3.84,97.9,released
PARA-24-0424,Paracetamol 500mg,2024-02-12,Press-C,OP-008,19.3,76.8,503.7,4.05,97.9,released
PARA-24-0425,Paracetamol 500mg,2024-02-12,Press-B,OP-003,21.05,89.0,501.7,3.91,99.3,released
PARA-24-0426,Paracetamol 500mg,2024-02-12,Press-C,OP-003,18.99,82.8,498.3,3.93,96.9,released
PARA-24-0427,Paracetamol 500mg,2024-02-12,Press-C,OP-019,22.04,90.8,501.7,4.06,100.0,released
PARA-24-0428,Paracetamol 500mg,2024-02-12,Press-B,OP-011,17.24,86.3,502.2,4.06,98.5,released
PARA-24-0429,Paracetamol 500mg,2024-02-12,Press-C,OP-004,20.5,90.5,497.0,4.02,94.2,released
PARA-24-0430,Paracetamol 500mg,2024-02-12,Press-A,OP-015,19.13,83.6,502.2,4.04,98.6,released
PARA-24-0431,Paracetamol 500mg,2024-02-13,Press-C,OP-010,21.07,81.1,505.5,4.05,97.7,released
PARA-24-0432,Paracetamol 500mg,2024-02-13,Press-A,OP-012,20.58,83.7,500.6,3.94,100.0,released
PARA-24-0433,Paracetamol 500mg,2024-02-13,Press-A,OP-001,22.81,82.1,496.4,3.96,98.6,released
PARA-24-0434,Paracetamol 500mg,2024-02-13,Press-A,OP-004,20.39,94.4,500.4,4.05,97.9,released
PARA-24-0435,Paracetamol 500mg,2024-02-13,Press-B,OP-012,18.62,77.2,503.4,4.07,98.5,released
PARA-24-0436,Paracetamol 500mg,2024-02-13,Press-A,OP-007,19.71,89.4,498.1,4.15,100.0,released
PARA-24-0437,Paracetamol 500mg,2024-02-13,Press-B,OP-004,21.61,89.5,501.9,4.11,98.7,released
PARA-24-0438,Paracetamol 500mg,2024-02-13,Press-A,OP-013,18.65,83.7,498.3,4.01,98.9,released
PARA-24-0439,Paracetamol 500mg,2024-02-13,Press-B,OP-015,20.3,87.1,498.3,3.95,97.6,released
PARA-24-0440,Paracetamol 500mg,2024-02-13,Press-C,OP-016,21.48,91.8,500.9,4.04,98.8,released
PARA-24-0441,Paracetamol 500mg,2024-02-14,Press-C,OP-008,18.16,81.4,502.5,3.71,98.3,released
PARA-24-0442,Paracetamol 500mg,2024-02-14,Press-C,OP-016,18.61,84.4,503.2,3.97,99.1,released
PARA-24-0443,Paracetamol 500mg,2024-02-14,Press-A,OP-011,19.7,84.3,500.9,3.92,98.6,released
PARA-24-0444,Paracetamol 500mg,2024-02-14,Press-B,OP-019,18.42,101.5,500.0,4.12,99.3,released
PARA-24-0445,Paracetamol 500mg,2024-02-14,Press-B,OP-018,21.35,77.8,509.4,4.12,98.6,released
PARA-24-0446,Paracetamol 500mg,2024-02-14,Press-B,OP-012,22.85,102.2,496.3,4.03,99.0,released
PARA-24-0447,Paracetamol 500mg,2024-02-14,Press-B,OP-012,20.31,87.4,497.8,3.77,96.2,released
PARA-24-0448,Paracetamol 500mg,2024-02-14,Press-A,OP-016,19.25,82.0,499.5,4.03,98.1,released
PARA-24-0449,Paracetamol 500mg,2024-02-14,Press-C,OP-008,21.7,88.7,498.0,4.12,98.5,released
PARA-24-0450,Paracetamol 500mg,2024-02-14,Press-A,OP-011,18.72,87.6,500.6,3.98,97.2,released
PARA-24-0451,Paracetamol 500mg,2024-02-15,Press-A,OP-017,22.44,75.2,495.0,4.17,97.5,released
PARA-24-0452,Paracetamol 500mg,2024-02-15,Press-B,OP-011,20.42,89.9,501.3,4.17,97.2,released
PARA-24-0453,Paracetamol 500mg,2024-02-15,Press-B,OP-011,21.81,99.7,497.6,3.78,98.2,released
PARA-24-0454,Paracetamol 500mg,2024-02-15,Press-C,OP-006,18.96,82.1,503.4,3.98,98.9,released
PARA-24-0455,Paracetamol 500mg,2024-02-15,Press-A,OP-019,16.25,95.1,500.8,3.99,95.3,released
PARA-24-0456,Paracetamol 500mg,2024-02-15,Press-C,OP-008,17.97,86.5,498.9,3.91,98.0,released
PARA-24-0457,Paracetamol 500mg,2024-02-15,Press-A,OP-008,19.25,88.6,494.9,3.81,99.0,released
PARA-24-0458,Paracetamol 500mg,2024-02-15,Press-C,OP-011,17.99,84.3,500.8,4.0,98.6,released
PARA-24-0459,Paracetamol 500mg,2024-02-15,Press-B,OP-004,19.91,86.5,497.1,4.04,98.8,released
PARA-24-0460,Paracetamol 500mg,2024-02-15,Press-B,OP-012,21.34,85.8,499.6,3.8,98.4,released
PARA-24-0461,Paracetamol 500mg,2024-02-16,Press-C,OP-008,20.31,89.7,501.4,3.93,96.5,released
PARA-24-0462,Paracetamol 500mg,2024-02-16,Press-A,OP-011,23.35,87.3,502.6,3.99,96.1,released
PARA-24-0463,Paracetamol 500mg,2024-02-16,Press-A,OP-011,18.28,81.2,499.3,4.0,98.8,released
PARA-24-0464,Paracetamol 500mg,2024-02-16,Press-B,OP-006,19.68,92.2,500.9,4.1,97.8,released
PARA-24-0465,Paracetamol 500mg,2024-02-16,Press-C,OP-018,19.88,92.0,500.1,4.03,95.4,released
PARA-24-0466,Paracetamol 500mg,2024-02-16,Press-A,OP-002,18.75,81.6,502.4,3.96,100.0,released
PARA-24-0467,Paracetamol 500mg,2024-02-16,Press-C,OP-016,20.11,89.1,501.2,4.07,100.0,released
PARA-24-0468,Paracetamol 500mg,2024-02-16,Press-B,OP-013,21.42,77.6,501.2,3.99,100.0,released
PARA-24-0469,Paracetamol 500mg,2024-02-16,Press-B,OP-006,18.99,91.6,500.4,4.03,96.9,released
PARA-24-0470,Paracetamol 500mg,2024-02-16,Press-B,OP-019,20.43,95.7,501.9,3.98,97.4,released
PARA-24-0471,Paracetamol 500mg,2024-02-17,Press-B,OP-018,17.84,92.3,500.1,4.04,96.6,released
PARA-24-0472,Paracetamol 500mg,2024-02-17,Press-C,OP-016,21.19,84.7,499.0,3.97,99.4,released
PARA-24-0473,Paracetamol 500mg,2024-02-17,Press-C,OP-002,16.78,87.9,501.4,3.86,97.4,released
PARA-24-0474,Paracetamol 500mg,2024-02-17,Press-B,OP-006,19.48,90.9,499.4,4.02,99.0,released
PARA-24-0475,Paracetamol 500mg,2024-02-17,Press-A,OP-014,22.0,88.6,501.7,4.18,99.2,released
PARA-24-0476,Paracetamol 500mg,2024-02-17,Press-B,OP-003,21.62,93.4,502.0,3.81,97.1,released
PARA-24-0477,Paracetamol 500mg,2024-02-17,Press-C,OP-015,20.21,87.6,498.8,3.87,98.1,released
PARA-24-0478,Paracetamol 500mg,2024-02-17,Press-A,OP-005,19.28,79.0,498.4,4.04,97.8,released
PARA-24-0479,Paracetamol 500mg,2024-02-17,Press-A,OP-019,20.49,76.4,504.2,3.85,98.8,released
PARA-24-0480,Paracetamol 500mg,2024-02-17,Press-C,OP-016,19.18,82.9,498.5,4.05,99.3,released
PARA-24-0481,Paracetamol 500mg,2024-02-18,Press-C,OP-013,23.06,90.5,498.9,4.06,97.9,released
PARA-24-0482,Paracetamol 500mg,2024-02-18,Press-B,OP-001,16.62,83.3,504.5,3.93,100.0,released
PARA-24-0483,Paracetamol 500mg,2024-02-18,Press-C,OP-004,21.06,87.4,498.5,4.16,98.2,released
PARA-24-0484,Paracetamol 500mg,2024-02-18,Press-C,OP-014,18.7,86.3,499.2,3.79,99.2,released
PARA-24-0485,Paracetamol 500mg,2024-02-18,Press-B,OP-016,20.18,78.0,501.6,3.89,98.7,released
PARA-24-0486,Paracetamol 500mg,2024-02-18,Press-C,OP-013,21.09,94.4,504.4,4.02,97.8,released
PARA-24-0487,Paracetamol 500mg,2024-02-18,Press-A,OP-007,20.59,81.8,493.5,4.06,97.7,released
PARA-24-0488,Paracetamol 500mg,2024-02-18,Press-B,OP-017,18.85,79.0,504.1,3.97,97.0,released
PARA-24-0489,Paracetamol 500mg,2024-02-18,Press-B,OP-015,21.33,97.1,497.6,3.95,99.6,released
PARA-24-0490,Paracetamol 500mg,2024-02-18,Press-C,OP-003,22.72,86.9,502.9,4.07,99.7,released
PARA-24-0491,Paracetamol 500mg,2024-02-19,Press-A,OP-008,18.64,79.0,499.6,4.1,100.0,released
PARA-24-0492,Paracetamol 500mg,2024-02-19,Press-C,OP-001,20.33,85.4,500.3,4.08,100.0,released
PARA-24-0493,Paracetamol 500mg,2024-02-19,Press-A,OP-009,17.21,77.5,498.9,3.85,97.5,released
PARA-24-0494,Paracetamol 500mg,2024-02-19,Press-B,OP-015,23.15,87.9,503.4,3.92,95.5,released
PARA-24-0495,Paracetamol 500mg,2024-02-19,Press-B,OP-019,21.44,91.6,497.0,3.84,96.5,released
PARA-24-0496,Paracetamol 500mg,2024-02-19,Press-C,OP-010,21.54,87.3,501.4,4.27,99.7,released
PARA-24-0497,Paracetamol 500mg,2024-02-19,Press-C,OP-011,20.75,85.0,498.5,3.8,97.7,released
PARA-24-0498,Paracetamol 500mg,2024-02-19,Press-A,OP-002,20.82,88.1,494.9,3.88,96.7,released
PARA-24-0499,Paracetamol 500mg,2024-02-19,Press-C,OP-005,19.61,80.8,502.3,4.0,96.7,released
PARA-24-0500,Paracetamol 500mg,2024-02-19,Press-A,OP-019,20.73,83.3,496.2,4.06,100.0,released
